id,first_name,last_name,email,Gender,Age,Country,IQ_Score,Course_Id,Cohort
1,Cazzie,Thrower,cthrower0@gizmodo.com,Male,37,Nigeria,3,2,Cohort 2
2,Melisse,Urrey,murrey1@si.edu,Female,26,Kenya,5,5,Cohort 3
3,Roselin,Libbe,rlibbe2@nbcnews.com,Female,22,Nigeria,10,5,Cohort 1
4,Hester,Wicks,hwicks3@php.net,Female,42,Kenya,4,5,Cohort 4
5,Darlleen,Longhorne,dlonghorne4@constantcontact.com,Male,35,Nigeria,10,5,Cohort 4
6,Kaela,Lace,klace5@reverbnation.com,Female,20,South Africa,7,4,Cohort 3
7,Lucian,Bett,lbett6@nationalgeographic.com,Female,26,Nigeria,1,4,Cohort 3
8,Port,Bortolutti,pbortolutti7@irs.gov,Female,25,South Africa,3,1,Cohort 5
9,Nancee,Deyes,ndeyes8@utexas.edu,Female,41,Nigeria,9,2,Cohort 1
10,Ibrahim,Ritchman,iritchman9@sciencedaily.com,Male,18,South Africa,8,1,Cohort 4
11,Vivie,Banfield,vbanfielda@gizmodo.com,Female,26,Nigeria,8,3,Cohort 5
12,Thoma,Longhurst,tlonghurstb@cnet.com,Male,33,Nigeria,2,5,Cohort 4
13,Inglebert,Cotterill,icotterillc@timesonline.co.uk,Female,35,Nigeria,7,4,Cohort 2
14,Risa,Rubee,rrubeed@addthis.com,Female,22,South Africa,2,5,Cohort 1
15,Lynnell,Fiddymont,lfiddymonte@unc.edu,Male,14,Nigeria,1,4,Cohort 3
16,Rowe,Barley,rbarleyf@dailymail.co.uk,Male,12,Nigeria,7,2,Cohort 4
17,Steward,Coatham,scoathamg@theglobeandmail.com,Female,33,Nigeria,2,1,Cohort 4
18,Stavros,McBrier,smcbrierh@deliciousdays.com,Female,16,Nigeria,4,5,Cohort 2
19,Herbie,Yemm,hyemmi@census.gov,Female,35,South Africa,3,2,Cohort 1
20,Nicoline,Marousek,nmarousekj@friendfeed.com,Female,31,South Africa,7,5,Cohort 4
21,Roxanne,Dymott,rdymottk@sfgate.com,Female,20,South Africa,5,5,Cohort 3
22,Devonne,Renon,drenonl@discuz.net,Male,12,South Africa,4,5,Cohort 1
23,Humberto,Hardaway,hhardawaym@si.edu,Female,35,Nigeria,1,2,Cohort 4
24,Gualterio,MacElholm,gmacelholmn@mozilla.org,Female,35,South Africa,1,4,Cohort 4
25,Raine,Windridge,rwindridgeo@cafepress.com,Male,22,Kenya,6,3,Cohort 2
26,Pascale,Barstock,pbarstockp@biglobe.ne.jp,Female,25,South Africa,4,5,Cohort 1
27,Reider,Gilpin,rgilpinq@xinhuanet.com,Female,12,South Africa,6,4,Cohort 4
28,Francklin,Petken,fpetkenr@drupal.org,Male,20,Nigeria,10,1,Cohort 3
29,Ashlin,Haitlie,ahaitlies@cbsnews.com,Female,25,Nigeria,7,1,Cohort 1
30,Letta,Face,lfacet@admin.ch,Male,12,Kenya,9,5,Cohort 5
31,Ralina,Galton,rgaltonu@google.it,Male,34,South Africa,9,5,Cohort 5
32,Wiley,Gommes,wgommesv@cafepress.com,Female,21,South Africa,4,4,Cohort 4
33,Jennilee,Wennington,jwenningtonw@topsy.com,Male,33,South Africa,10,4,Cohort 3
34,Davy,Kneal,dknealx@gov.uk,Female,15,Ghana,5,5,Cohort 3
35,Kasey,Manifould,kmanifouldy@toplist.cz,Female,22,Nigeria,4,4,Cohort 2
36,Stern,Seally,sseallyz@liveinternet.ru,Male,37,South Africa,2,1,Cohort 2
37,Guillaume,Turmel,gturmel10@newyorker.com,Male,32,Nigeria,7,3,Cohort 5
38,Burl,Lante,blante11@sourceforge.net,Female,30,Rwanda,9,4,Cohort 1
39,Rory,Seint,rseint12@fema.gov,Female,19,South Africa,9,5,Cohort 1
40,Cord,Taplow,ctaplow13@accuweather.com,Female,19,Kenya,2,2,Cohort 5
41,Fabe,Sobtka,fsobtka14@hexun.com,Male,24,South Africa,7,5,Cohort 1
42,Easter,Newrick,enewrick15@telegraph.co.uk,Female,14,Nigeria,10,3,Cohort 1
43,Thalia,Stearne,tstearne16@auda.org.au,Female,40,South Africa,10,4,Cohort 5
44,Clary,Hutchison,chutchison17@slashdot.org,Female,26,Nigeria,4,5,Cohort 1
45,Creight,Blueman,cblueman18@pcworld.com,Female,20,Nigeria,9,5,Cohort 4
46,Julianne,Rawlence,jrawlence19@bloglines.com,Male,23,Nigeria,4,3,Cohort 4
47,Carny,Kivlehan,ckivlehan1a@cnbc.com,Female,12,South Africa,2,1,Cohort 1
48,Stefania,Bierman,sbierman1b@hc360.com,Female,25,South Africa,5,4,Cohort 3
49,Budd,Jencken,bjencken1c@cocolog-nifty.com,Female,13,Nigeria,8,2,Cohort 2
50,Avrit,Timson,atimson1d@hc360.com,Male,27,South Africa,10,4,Cohort 5
51,Kellen,Warkup,kwarkup1e@ehow.com,Female,40,Nigeria,8,2,Cohort 5
52,Sacha,Crumbie,scrumbie1f@seattletimes.com,Female,22,Nigeria,3,4,Cohort 2
53,Bernadene,Childrens,bchildrens1g@vinaora.com,Male,44,Nigeria,7,3,Cohort 5
54,Mathias,Vernazza,mvernazza1h@infoseek.co.jp,Female,20,South Africa,9,4,Cohort 1
55,Caressa,Rhucroft,crhucroft1i@ocn.ne.jp,Male,26,Ghana,10,1,Cohort 5
56,Cheston,Boreland,cboreland1j@upenn.edu,Male,43,Nigeria,1,2,Cohort 4
57,Rodrique,Holliar,rholliar1k@cafepress.com,Male,16,Nigeria,7,2,Cohort 4
58,Rog,Ormesher,rormesher1l@myspace.com,Female,21,South Africa,2,1,Cohort 2
59,Daren,Lynock,dlynock1m@google.nl,Female,43,South Africa,8,5,Cohort 4
60,Veronique,Charity,vcharity1n@purevolume.com,Male,26,Nigeria,5,5,Cohort 5
61,Dorie,Hackley,dhackley1o@artisteer.com,Female,26,Nigeria,6,3,Cohort 3
62,Nappy,Szach,nszach1p@intel.com,Male,36,Nigeria,10,1,Cohort 3
63,Lancelot,Dodell,ldodell1q@cmu.edu,Male,12,Kenya,1,5,Cohort 3
64,Jerri,Tidder,jtidder1r@ucoz.com,Female,18,South Africa,4,4,Cohort 1
65,Yardley,Castagno,ycastagno1s@123-reg.co.uk,Male,38,Kenya,4,1,Cohort 5
66,Lonnard,Dawes,ldawes1t@bandcamp.com,Female,16,Nigeria,10,4,Cohort 2
67,Truda,Dugmore,tdugmore1u@vimeo.com,Female,15,Nigeria,10,4,Cohort 2
68,Mikael,Brookes,mbrookes1v@a8.net,Female,44,South Africa,2,4,Cohort 5
69,Bambie,MacConneely,bmacconneely1w@ehow.com,Male,14,South Africa,6,2,Cohort 2
70,Torre,Deakes,tdeakes1x@example.com,Female,15,Nigeria,5,4,Cohort 3
71,Kimmi,Signore,ksignore1y@biglobe.ne.jp,Female,15,South Africa,6,5,Cohort 4
72,Dody,Thain,dthain1z@wunderground.com,Female,12,Kenya,5,1,Cohort 5
73,Gerri,Shilton,gshilton20@guardian.co.uk,Female,19,South Africa,7,5,Cohort 5
74,Patrice,Liddington,pliddington21@yelp.com,Female,36,Nigeria,1,2,Cohort 5
75,Orelee,Lushey,olushey22@cnn.com,Male,24,South Africa,4,3,Cohort 5
76,Kacy,Follitt,kfollitt23@answers.com,Male,18,Ghana,1,2,Cohort 1
77,See,MacAndrew,smacandrew24@wix.com,Female,26,South Africa,5,5,Cohort 5
78,Caspar,Edy,cedy25@slideshare.net,Female,13,Kenya,10,1,Cohort 4
79,Dinah,Procter,dprocter26@dell.com,Male,32,South Africa,5,2,Cohort 1
80,Richart,Finnick,rfinnick27@ebay.com,Male,28,Nigeria,6,1,Cohort 2
81,Stevena,Dog,sdog28@artisteer.com,Female,36,Nigeria,4,2,Cohort 4
82,Kary,Shergill,kshergill29@theglobeandmail.com,Male,36,Ghana,3,2,Cohort 5
83,Darin,Copins,dcopins2a@ox.ac.uk,Male,24,Kenya,9,3,Cohort 3
84,Kim,Kyffin,kkyffin2b@yellowpages.com,Female,14,Nigeria,2,3,Cohort 1
85,Spike,Bruckshaw,sbruckshaw2c@state.gov,Female,41,Nigeria,7,3,Cohort 4
86,Hedwiga,Brisard,hbrisard2d@archive.org,Male,27,South Africa,6,1,Cohort 1
87,Barny,Tunnicliffe,btunnicliffe2e@example.com,Female,24,Nigeria,1,2,Cohort 2
88,Jarred,Wragge,jwragge2f@lulu.com,Female,23,Nigeria,10,2,Cohort 5
89,Zorina,Bartens,zbartens2g@github.io,Male,39,South Africa,8,2,Cohort 5
90,Fergus,McGinley,fmcginley2h@chicagotribune.com,Male,18,Nigeria,6,2,Cohort 2
91,Jan,Hawk,jhawk2i@sphinn.com,Male,24,Ghana,6,2,Cohort 5
92,Truda,Bedell,tbedell2j@ucoz.com,Male,12,South Africa,10,2,Cohort 1
93,Rubin,Comley,rcomley2k@amazon.co.uk,Female,33,South Africa,6,3,Cohort 3
94,Edita,Tincey,etincey2l@geocities.jp,Female,32,Nigeria,6,3,Cohort 4
95,Kylynn,Salmoni,ksalmoni2m@harvard.edu,Female,17,Nigeria,2,1,Cohort 1
96,Ezmeralda,Sagrott,esagrott2n@narod.ru,Female,15,Nigeria,3,5,Cohort 4
97,Aarika,McKimm,amckimm2o@accuweather.com,Male,39,Nigeria,3,4,Cohort 4
98,Ashly,MacGillespie,amacgillespie2p@phoca.cz,Female,44,Kenya,8,5,Cohort 5
99,Townsend,Blake,tblake2q@google.ru,Female,37,South Africa,5,5,Cohort 2
100,Rollie,Dibb,rdibb2r@sakura.ne.jp,Female,13,Nigeria,9,4,Cohort 2
101,Thea,Bosomworth,tbosomworth2s@ebay.com,Female,25,Kenya,9,5,Cohort 5
102,Lydon,Ewers,lewers2t@jimdo.com,Male,17,Nigeria,8,1,Cohort 3
103,Kristin,Morcombe,kmorcombe2u@newyorker.com,Male,20,Ghana,5,3,Cohort 2
104,Paulita,Wadly,pwadly2v@fc2.com,Male,41,Nigeria,5,5,Cohort 4
105,Arron,Deadman,adeadman2w@tmall.com,Female,41,Ghana,5,3,Cohort 2
106,Fredra,Cundict,fcundict2x@boston.com,Female,14,Nigeria,9,4,Cohort 3
107,Harley,Cressy,hcressy2y@weibo.com,Male,44,Kenya,9,4,Cohort 5
108,Sargent,Trevithick,strevithick2z@ebay.co.uk,Male,15,Nigeria,1,1,Cohort 1
109,Reinhard,Naughton,rnaughton30@weebly.com,Male,41,Nigeria,8,3,Cohort 1
110,Elden,Railton,erailton31@google.ca,Male,39,South Africa,1,1,Cohort 2
111,Weber,Innerstone,winnerstone32@mail.ru,Male,45,Nigeria,6,5,Cohort 3
112,Albrecht,Jakaway,ajakaway33@github.io,Female,39,Kenya,2,3,Cohort 3
113,Jeddy,Coxon,jcoxon34@flavors.me,Male,40,Nigeria,6,3,Cohort 1
114,Earle,Vaisey,evaisey35@virginia.edu,Female,14,South Africa,2,1,Cohort 1
115,Ruy,Riddich,rriddich36@cloudflare.com,Female,13,South Africa,9,2,Cohort 1
116,Eduardo,Lemmens,elemmens37@tamu.edu,Female,43,Nigeria,3,5,Cohort 3
117,Neal,Climo,nclimo38@java.com,Female,12,Nigeria,1,1,Cohort 5
118,Meridel,Halton,mhalton39@e-recht24.de,Male,33,South Africa,2,4,Cohort 5
119,Laurie,St. Aubyn,lstaubyn3a@yahoo.com,Female,45,South Africa,7,5,Cohort 2
120,Sula,Fieldsend,sfieldsend3b@huffingtonpost.com,Male,38,Rwanda,8,5,Cohort 2
121,Zebulon,Joska,zjoska3c@mac.com,Female,22,Kenya,6,2,Cohort 1
122,Lammond,Mattinson,lmattinson3d@amazon.co.jp,Female,37,Nigeria,4,4,Cohort 1
123,Giles,Hernik,ghernik3e@symantec.com,Female,19,Nigeria,9,4,Cohort 3
124,Wendi,Ewens,wewens3f@pen.io,Male,20,Kenya,2,3,Cohort 3
125,Teena,Portail,tportail3g@spotify.com,Female,28,Kenya,2,5,Cohort 4
126,Norris,De Lisle,ndelisle3h@bigcartel.com,Male,40,Nigeria,9,1,Cohort 3
127,Reggy,Chesterton,rchesterton3i@nymag.com,Female,31,Nigeria,3,4,Cohort 3
128,Alisander,De Vries,adevries3j@upenn.edu,Female,45,Nigeria,5,4,Cohort 2
129,Belita,Starrs,bstarrs3k@ameblo.jp,Female,35,Kenya,8,3,Cohort 5
130,Goldie,Provest,gprovest3l@craigslist.org,Male,12,Nigeria,6,2,Cohort 2
131,Danella,Pourvoieur,dpourvoieur3m@yandex.ru,Female,31,South Africa,1,3,Cohort 4
132,Georgeanne,Bertomier,gbertomier3n@wix.com,Female,32,Kenya,10,3,Cohort 4
133,Obadiah,Dmitriev,odmitriev3o@digg.com,Female,25,Nigeria,2,4,Cohort 1
134,Pacorro,Sein,psein3p@sciencedirect.com,Male,43,Kenya,1,4,Cohort 4
135,Hermann,Brayfield,hbrayfield3q@craigslist.org,Female,23,Kenya,7,2,Cohort 3
136,Danya,Henzer,dhenzer3r@merriam-webster.com,Female,37,Nigeria,6,3,Cohort 3
137,Teador,Seakes,tseakes3s@ftc.gov,Female,38,Nigeria,4,3,Cohort 4
138,Diena,Gilbride,dgilbride3t@mozilla.org,Female,33,South Africa,4,4,Cohort 4
139,Teena,Dadson,tdadson3u@blogs.com,Male,12,Nigeria,6,5,Cohort 3
140,Darlene,Abbiss,dabbiss3v@hugedomains.com,Male,42,Nigeria,2,5,Cohort 4
141,Pennie,Piggott,ppiggott3w@mit.edu,Female,34,South Africa,7,4,Cohort 5
142,Goran,Smewin,gsmewin3x@topsy.com,Female,37,Nigeria,7,2,Cohort 3
143,Jocko,Ling,jling3y@clickbank.net,Male,18,Nigeria,3,2,Cohort 1
144,Dido,Yonge,dyonge3z@a8.net,Female,42,Nigeria,1,1,Cohort 2
145,Amalle,Chawner,achawner40@princeton.edu,Female,24,Nigeria,1,1,Cohort 5
146,Heloise,Jansik,hjansik41@amazon.com,Female,29,South Africa,1,5,Cohort 2
147,Sig,Reid,sreid42@icq.com,Male,40,Kenya,5,3,Cohort 3
148,Belvia,Pires,bpires43@wunderground.com,Male,28,Nigeria,1,3,Cohort 1
149,Benito,Ferrara,bferrara44@techcrunch.com,Female,31,Nigeria,8,2,Cohort 5
150,Maren,McCutheon,mmccutheon45@parallels.com,Male,19,Nigeria,4,1,Cohort 2
151,Shara,Brandin,sbrandin46@adobe.com,Female,27,South Africa,1,4,Cohort 4
152,Jackie,Zealey,jzealey47@narod.ru,Female,18,Nigeria,3,4,Cohort 1
153,Abbie,Eyers,aeyers48@nsw.gov.au,Female,28,Nigeria,8,3,Cohort 4
154,Fabien,Follen,ffollen49@yahoo.com,Female,24,South Africa,9,2,Cohort 2
155,Abraham,Schumacher,aschumacher4a@opensource.org,Female,27,Nigeria,4,5,Cohort 5
156,Lucho,Block,lblock4b@vistaprint.com,Male,26,South Africa,1,5,Cohort 5
157,Joscelin,Churchin,jchurchin4c@t-online.de,Female,23,Nigeria,9,2,Cohort 5
158,Meade,McGowing,mmcgowing4d@house.gov,Female,12,Kenya,5,3,Cohort 5
159,Emeline,Antoniat,eantoniat4e@dion.ne.jp,Male,24,South Africa,5,3,Cohort 2
160,Georgy,Ritter,gritter4f@princeton.edu,Female,31,South Africa,6,4,Cohort 3
161,Lesli,Spilisy,lspilisy4g@mozilla.com,Female,21,Nigeria,10,4,Cohort 5
162,Hendrik,Ody,hody4h@answers.com,Male,32,Nigeria,6,3,Cohort 1
163,Gun,Keeley,gkeeley4i@quantcast.com,Female,31,South Africa,9,3,Cohort 3
164,Vevay,Mumbray,vmumbray4j@quantcast.com,Male,45,Nigeria,6,1,Cohort 1
165,Laurianne,Nappin,lnappin4k@flavors.me,Female,38,Nigeria,4,1,Cohort 1
166,Anallese,Athersmith,aathersmith4l@digg.com,Female,16,Nigeria,7,4,Cohort 1
167,Minnie,Brownhall,mbrownhall4m@reverbnation.com,Female,12,South Africa,3,1,Cohort 1
168,Starlin,Hane,shane4n@wp.com,Male,20,South Africa,4,4,Cohort 2
169,Gerta,Wyles,gwyles4o@so-net.ne.jp,Male,13,Nigeria,6,3,Cohort 2
170,Carina,Veronique,cveronique4p@bravesites.com,Female,16,Nigeria,9,2,Cohort 3
171,Borden,Mennear,bmennear4q@51.la,Male,23,Nigeria,3,4,Cohort 4
172,Morrie,Theunissen,mtheunissen4r@miitbeian.gov.cn,Female,27,Nigeria,5,2,Cohort 3
173,Julio,Lethby,jlethby4s@skype.com,Female,25,Nigeria,5,5,Cohort 3
174,Christalle,Reggio,creggio4t@go.com,Female,22,Nigeria,2,5,Cohort 2
175,Lon,Vellacott,lvellacott4u@fc2.com,Male,45,Ghana,6,1,Cohort 1
176,Ernaline,Shower,eshower4v@hud.gov,Female,20,Kenya,9,3,Cohort 3
177,Ebeneser,Glowacki,eglowacki4w@free.fr,Male,14,South Africa,3,2,Cohort 4
178,Amaleta,Ormonde,aormonde4x@netlog.com,Female,19,South Africa,9,1,Cohort 2
179,Shaughn,Kilgannon,skilgannon4y@a8.net,Male,43,Nigeria,6,1,Cohort 4
180,Simonne,Barends,sbarends4z@theglobeandmail.com,Male,23,South Africa,3,1,Cohort 3
181,Cary,Pactat,cpactat50@cbsnews.com,Male,44,South Africa,6,5,Cohort 5
182,Laina,Baynon,lbaynon51@usgs.gov,Female,23,Nigeria,10,5,Cohort 1
183,Aimee,Armistead,aarmistead52@addtoany.com,Female,34,Kenya,1,2,Cohort 5
184,Myrta,Hun,mhun53@liveinternet.ru,Male,40,Nigeria,5,1,Cohort 1
185,Dela,Paulsen,dpaulsen54@de.vu,Male,36,Nigeria,8,1,Cohort 4
186,Raddy,Smees,rsmees55@flickr.com,Male,32,Nigeria,2,5,Cohort 5
187,Sara-ann,Woolmer,swoolmer56@about.me,Female,26,Nigeria,2,2,Cohort 4
188,Patrizio,MacCumeskey,pmaccumeskey57@tmall.com,Male,37,Nigeria,4,2,Cohort 5
189,Fabiano,Binford,fbinford58@thetimes.co.uk,Female,18,Nigeria,8,2,Cohort 2
190,Erich,Rowe,erowe59@over-blog.com,Male,28,South Africa,9,2,Cohort 3
191,Kalle,Edwins,kedwins5a@amazon.co.uk,Male,44,South Africa,2,5,Cohort 1
192,Glenn,Sighart,gsighart5b@jiathis.com,Male,40,South Africa,2,2,Cohort 3
193,Claudetta,Tichner,ctichner5c@earthlink.net,Female,16,Nigeria,9,2,Cohort 1
194,Moina,Yukhtin,myukhtin5d@alibaba.com,Male,15,Nigeria,8,1,Cohort 5
195,Bobine,Reaper,breaper5e@dot.gov,Male,29,Nigeria,2,5,Cohort 1
196,Vanny,Proffitt,vproffitt5f@lulu.com,Male,27,Nigeria,10,3,Cohort 3
197,Elva,Muncer,emuncer5g@typepad.com,Male,34,Nigeria,9,2,Cohort 3
198,Vail,Byrth,vbyrth5h@goodreads.com,Female,17,South Africa,3,3,Cohort 2
199,Haven,Ales,hales5i@histats.com,Male,30,South Africa,2,2,Cohort 1
200,Lora,Hylden,lhylden5j@cocolog-nifty.com,Female,32,Nigeria,8,5,Cohort 1
201,Helene,O'Fairy,hofairy5k@phpbb.com,Male,23,Nigeria,5,2,Cohort 5
202,Sammy,Brockhurst,sbrockhurst5l@parallels.com,Female,12,South Africa,6,5,Cohort 4
203,Lilyan,Blazewicz,lblazewicz5m@usnews.com,Male,20,Kenya,6,4,Cohort 2
204,Max,Giffen,mgiffen5n@soup.io,Male,26,Nigeria,9,1,Cohort 2
205,Elsie,Theyer,etheyer5o@sciencedaily.com,Female,36,Nigeria,2,3,Cohort 2
206,Vanya,Clemot,vclemot5p@state.tx.us,Female,31,Ghana,5,3,Cohort 3
207,Felecia,Farnall,ffarnall5q@gmpg.org,Male,17,South Africa,2,4,Cohort 2
208,Casey,Gladdis,cgladdis5r@wordpress.com,Male,35,South Africa,3,2,Cohort 3
209,Casandra,Baudino,cbaudino5s@furl.net,Female,38,Nigeria,8,3,Cohort 1
210,Gothart,Stothard,gstothard5t@ibm.com,Female,41,Nigeria,8,5,Cohort 5
211,Bartlett,Wiggam,bwiggam5u@liveinternet.ru,Male,45,Nigeria,1,3,Cohort 3
212,Avivah,Geale,ageale5v@github.io,Male,45,Nigeria,8,3,Cohort 2
213,Gretna,Petracco,gpetracco5w@theglobeandmail.com,Male,39,Kenya,7,4,Cohort 4
214,Marlena,Broom,mbroom5x@cyberchimps.com,Female,41,Nigeria,3,2,Cohort 1
215,Marlowe,Ketchell,mketchell5y@php.net,Female,35,South Africa,10,5,Cohort 5
216,Weber,Woolager,wwoolager5z@yelp.com,Female,16,Nigeria,1,5,Cohort 3
217,Melisandra,Blaber,mblaber60@dedecms.com,Male,24,Nigeria,10,2,Cohort 5
218,Barbabas,Vondruska,bvondruska61@boston.com,Female,36,Nigeria,10,2,Cohort 4
219,Dotty,Menel,dmenel62@ehow.com,Male,39,South Africa,8,2,Cohort 5
220,Yancey,Vinecombe,yvinecombe63@wikispaces.com,Male,26,South Africa,7,3,Cohort 2
221,Curr,Stopps,cstopps64@wired.com,Female,43,South Africa,8,3,Cohort 1
222,Ammamaria,Kuhlen,akuhlen65@4shared.com,Female,20,South Africa,10,1,Cohort 5
223,Joyce,Poynzer,jpoynzer66@liveinternet.ru,Male,32,South Africa,4,1,Cohort 5
224,Carmella,Sarver,csarver67@google.com.hk,Male,21,Kenya,2,2,Cohort 4
225,Carleton,Mooney,cmooney68@ftc.gov,Female,39,Ghana,2,5,Cohort 2
226,Catha,Brimblecombe,cbrimblecombe69@eventbrite.com,Female,15,Kenya,7,2,Cohort 5
227,North,Hawkshaw,nhawkshaw6a@eventbrite.com,Male,19,Nigeria,1,3,Cohort 5
228,Melina,Sharrock,msharrock6b@nbcnews.com,Male,36,Nigeria,10,5,Cohort 3
229,Ronnie,Durtnel,rdurtnel6c@go.com,Male,37,Nigeria,6,2,Cohort 5
230,Avictor,Garci,agarci6d@creativecommons.org,Male,39,South Africa,4,2,Cohort 2
231,Kenon,Drinkhall,kdrinkhall6e@cafepress.com,Male,13,Nigeria,5,5,Cohort 5
232,Thalia,Lafuente,tlafuente6f@ask.com,Female,13,South Africa,3,5,Cohort 2
233,Ignaz,Taberer,itaberer6g@msn.com,Female,18,South Africa,8,4,Cohort 5
234,Emlen,Lewinton,elewinton6h@cbslocal.com,Female,13,Nigeria,3,4,Cohort 3
235,Ezri,Childes,echildes6i@alibaba.com,Female,32,South Africa,1,4,Cohort 3
236,Matilde,Lowres,mlowres6j@linkedin.com,Female,24,South Africa,2,5,Cohort 2
237,Antonius,Onians,aonians6k@sakura.ne.jp,Female,12,Ghana,2,5,Cohort 4
238,Liane,Meneghelli,lmeneghelli6l@youtu.be,Female,29,Rwanda,10,2,Cohort 1
239,Keary,Dreinan,kdreinan6m@odnoklassniki.ru,Male,29,Nigeria,8,4,Cohort 4
240,Valene,Vosse,vvosse6n@nba.com,Male,45,Nigeria,10,4,Cohort 2
241,Vannie,Cheers,vcheers6o@hexun.com,Male,24,Nigeria,2,1,Cohort 4
242,Lyndsie,Borrington,lborrington6p@spiegel.de,Male,20,Nigeria,3,5,Cohort 3
243,Bertie,Joint,bjoint6q@merriam-webster.com,Female,34,South Africa,10,5,Cohort 2
244,Arlee,Vakhonin,avakhonin6r@home.pl,Female,44,South Africa,6,4,Cohort 5
245,Zelma,Roo,zroo6s@bloomberg.com,Female,30,Nigeria,4,5,Cohort 2
246,Hamel,Mathivet,hmathivet6t@1und1.de,Female,42,South Africa,3,3,Cohort 4
247,Lambert,Eathorne,leathorne6u@live.com,Female,39,Nigeria,5,5,Cohort 3
248,Rouvin,Tipperton,rtipperton6v@lycos.com,Male,32,Nigeria,2,3,Cohort 3
249,Udale,Hailwood,uhailwood6w@cornell.edu,Male,27,Nigeria,4,3,Cohort 5
250,Kettie,Shoutt,kshoutt6x@goodreads.com,Female,45,Nigeria,3,5,Cohort 4